zone_id,zone_name,latitude,longitude,h3_index,h3_resolution,zone_type,demand_weight,peak_hours,city,is_active,pickup_zone_id,total_rides,completed_rides,unmet_rides,cancelled_rides,avg_wait_time,avg_fare,total_revenue,avg_surge,avg_rating,rainy_rides,event_rides,completion_rate,unmet_rate,drivers_in_zone,ev_drivers,avg_driver_rating,rides_per_driver,zone_classification
Z001,MG Road,12.9756,77.6097,8861892e9bfffff,8,commercial,0.8,"10:00-13:00, 17:00-21:00",Bangalore,True,Z001,3286,2625,170,491,10.1,207.0,678806.0,1.18,4.09,1472,755,79.9,5.2,5,3,4.12,657.2,HIGH EFFICIENCY ZONE
Z002,Brigade Road,12.9716,77.608,88618925a5fffff,8,commercial,0.8,"10:00-13:00, 17:00-21:00",Bangalore,True,Z002,3239,2510,183,546,10.1,186.0,602218.0,1.14,4.09,1344,737,77.5,5.6,12,5,4.1,269.92,BALANCED ZONE
Z003,Residency Road,12.9707,77.6061,88618925a7fffff,8,commercial,0.8,"10:00-13:00, 17:00-21:00",Bangalore,True,Z003,3194,2523,152,519,10.0,202.0,643772.0,1.14,4.08,1414,725,79.0,4.8,6,2,3.98,532.33,BALANCED ZONE
Z004,Church Street,12.9757,77.6065,8861892e91fffff,8,entertainment,0.75,18:00-23:00,Bangalore,True,Z004,3060,2378,152,530,9.9,188.0,574355.0,1.14,4.06,1298,670,77.7,5.0,9,2,4.17,340.0,BALANCED ZONE
Z005,Cubbon Park,12.9793,77.5921,8860145b41fffff,8,mixed,0.65,"08:00-10:00, 17:00-20:00",Bangalore,True,Z005,2657,2089,131,437,10.1,200.0,531176.0,1.15,4.1,1197,588,78.6,4.9,4,1,4.32,664.25,HIGH EFFICIENCY ZONE
Z006,Vidhana Soudha,12.9794,77.5913,8860145b45fffff,8,commercial,0.8,"10:00-13:00, 17:00-21:00",Bangalore,True,Z006,3234,2476,169,589,10.0,192.0,620713.0,1.15,4.1,1394,696,76.6,5.2,11,3,4.16,294.0,BALANCED ZONE
Z007,Shivajinagar,12.985,77.6002,8861892e93fffff,8,transit_hub,0.85,"07:00-10:00, 17:00-21:00",Bangalore,True,Z007,3331,2575,161,595,10.0,190.0,633658.0,1.15,4.07,1466,757,77.3,4.8,6,3,4.05,555.17,BALANCED ZONE
Z008,Majestic,12.9767,77.5713,8860145b55fffff,8,transit_hub,0.85,"07:00-10:00, 17:00-21:00",Bangalore,True,Z008,3440,2695,183,562,10.1,213.0,733521.0,1.15,4.09,1504,798,78.3,5.3,9,3,4.3,382.22,HIGH DEMAND GAP
Z009,City Market,12.9634,77.576,8860145b59fffff,8,commercial,0.8,"10:00-13:00, 17:00-21:00",Bangalore,True,Z009,3183,2500,145,538,10.0,210.0,669352.0,1.16,4.08,1409,708,78.5,4.6,7,0,4.34,454.71,BALANCED ZONE
Z010,Chickpete,12.9605,77.5757,88618925b7fffff,8,commercial,0.8,"10:00-13:00, 17:00-21:00",Bangalore,True,Z010,3155,2433,167,555,10.1,206.0,650108.0,1.14,4.08,1324,766,77.1,5.3,6,2,4.05,525.83,HIGH DEMAND GAP
Z011,Koramangala 1B,12.9279,77.6271,88618925cdfffff,8,tech_park,0.9,"08:00-10:00, 17:00-20:00",Bangalore,True,Z011,3669,2902,174,593,10.0,210.0,768844.0,1.15,4.09,1589,818,79.1,4.7,5,1,4.34,733.8,HIGH EFFICIENCY ZONE
Z012,Koramangala 4B,12.9352,77.6245,88618925c5fffff,8,commercial,0.8,"10:00-13:00, 17:00-21:00",Bangalore,True,Z012,3236,2497,165,574,10.0,202.0,653949.0,1.16,4.07,1417,732,77.2,5.1,8,3,4.18,404.5,BALANCED ZONE
Z013,Koramangala 6B,12.9255,77.6188,88618925c1fffff,8,residential,0.45,"07:00-09:00, 18:00-21:00",Bangalore,True,Z013,1823,1449,96,278,9.9,219.0,399170.0,1.15,4.09,816,431,79.5,5.3,8,1,4.3,227.88,BALANCED ZONE
Z014,Koramangala 8B,12.9183,77.6218,88618925c9fffff,8,mixed,0.65,"08:00-10:00, 17:00-20:00",Bangalore,True,Z014,2700,2111,137,452,9.9,215.0,581236.0,1.15,4.08,1204,613,78.2,5.1,8,2,4.11,337.5,BALANCED ZONE
Z015,HSR Layout Sec 1,12.9116,77.6389,8861892421fffff,8,residential,0.45,"07:00-09:00, 18:00-21:00",Bangalore,True,Z015,1871,1465,84,322,10.0,229.0,427660.0,1.16,4.08,853,459,78.3,4.5,6,4,4.07,311.83,BALANCED ZONE
Z016,HSR Layout Sec 2,12.9082,77.6474,886189242dfffff,8,residential,0.45,"07:00-09:00, 18:00-21:00",Bangalore,True,Z016,1832,1388,98,346,10.0,224.0,410299.0,1.15,4.07,803,394,75.8,5.3,6,0,4.3,305.33,HIGH DEMAND GAP
Z017,HSR Layout Sec 7,12.9047,77.6387,8861892429fffff,8,tech_park,0.9,"08:00-10:00, 17:00-20:00",Bangalore,True,Z017,3721,2851,214,656,10.1,228.0,849734.0,1.14,4.08,1606,864,76.6,5.8,16,6,3.99,232.56,BALANCED ZONE
Z018,BTM Layout 1,12.9166,77.6101,88618925ddfffff,8,residential,0.45,"07:00-09:00, 18:00-21:00",Bangalore,True,Z018,1813,1431,106,276,10.1,220.0,398297.0,1.14,4.08,767,421,78.9,5.8,11,4,4.13,164.82,HIGH IDLE ZONE
Z019,BTM Layout 2,12.912,77.6167,8861892435fffff,8,mixed,0.65,"08:00-10:00, 17:00-20:00",Bangalore,True,Z019,2642,2058,150,434,10.0,219.0,579417.0,1.14,4.08,1138,601,77.9,5.7,5,2,4.4,528.4,CRITICAL DEMAND GAP
Z020,Jayanagar 4B,12.9252,77.5838,8861892599fffff,8,residential,0.45,"07:00-09:00, 18:00-21:00",Bangalore,True,Z020,1755,1381,96,278,9.9,222.0,389883.0,1.15,4.07,751,418,78.7,5.5,12,3,4.37,146.25,CRITICAL DEAD ZONE
Z021,Jayanagar 9B,12.9171,77.5836,88618924a5fffff,8,residential,0.45,"07:00-09:00, 18:00-21:00",Bangalore,True,Z021,1778,1393,88,297,10.1,229.0,407356.0,1.15,4.08,781,401,78.3,4.9,9,2,4.22,197.56,HIGH IDLE ZONE
Z022,JP Nagar Phase 1,12.9076,77.5857,88618924adfffff,8,residential,0.45,"07:00-09:00, 18:00-21:00",Bangalore,True,Z022,1779,1370,86,323,9.9,222.0,395598.0,1.14,4.11,788,408,77.0,4.8,9,1,4.16,197.67,HIGH IDLE ZONE
Z023,JP Nagar Phase 2,12.9019,77.59,88618924e7fffff,8,residential,0.45,"07:00-09:00, 18:00-21:00",Bangalore,True,Z023,1742,1358,93,291,10.0,222.0,387218.0,1.14,4.09,736,395,78.0,5.3,13,4,4.15,134.0,CRITICAL DEAD ZONE
Z024,JP Nagar Phase 6,12.8938,77.5934,88618924e1fffff,8,residential,0.45,"07:00-09:00, 18:00-21:00",Bangalore,True,Z024,1769,1385,90,294,10.2,245.0,432674.0,1.15,4.07,783,430,78.3,5.1,7,1,4.16,252.71,BALANCED ZONE
Z025,Banashankari 2nd Stage,12.9275,77.5601,8860145a41fffff,8,residential,0.45,"07:00-09:00, 18:00-21:00",Bangalore,True,Z025,1809,1414,81,314,9.8,231.0,417416.0,1.14,4.09,801,393,78.2,4.5,11,1,4.14,164.45,HIGH IDLE ZONE
Z026,Banashankari 3rd Stage,12.9197,77.5534,8860145a4bfffff,8,residential,0.45,"07:00-09:00, 18:00-21:00",Bangalore,True,Z026,1742,1350,100,292,10.3,248.0,432413.0,1.15,4.07,792,393,77.5,5.7,10,1,4.15,174.2,HIGH IDLE ZONE
Z027,Basavanagudi,12.9422,77.5757,8861892597fffff,8,residential,0.45,"07:00-09:00, 18:00-21:00",Bangalore,True,Z027,1810,1426,81,303,10.1,219.0,395928.0,1.15,4.07,789,403,78.8,4.5,9,2,4.31,201.11,HIGH IDLE ZONE
Z028,Lalbagh,12.9507,77.5848,88618925bbfffff,8,mixed,0.65,"08:00-10:00, 17:00-20:00",Bangalore,True,Z028,2590,2035,130,425,9.9,206.0,534092.0,1.15,4.09,1124,594,78.6,5.0,7,2,4.1,370.0,BALANCED ZONE
Z029,Wilson Garden,12.948,77.6012,8861892587fffff,8,residential,0.45,"07:00-09:00, 18:00-21:00",Bangalore,True,Z029,1815,1383,109,323,10.1,192.0,347781.0,1.15,4.08,814,377,76.2,6.0,7,1,4.19,259.29,BALANCED ZONE
Z030,Langford Town,12.9547,77.5978,88618925bdfffff,8,residential,0.45,"07:00-09:00, 18:00-21:00",Bangalore,True,Z030,1866,1463,107,296,10.3,202.0,377484.0,1.15,4.11,819,424,78.4,5.7,6,1,4.18,311.0,HIGH DEMAND GAP
Z031,Hebbal,13.0353,77.5971,8861892c8bfffff,8,transit_hub,0.85,"07:00-10:00, 17:00-21:00",Bangalore,True,Z031,3509,2737,187,585,10.1,235.0,825023.0,1.15,4.07,1528,810,78.0,5.3,9,0,4.23,389.89,HIGH DEMAND GAP
Z032,Devanahalli,13.2473,77.7113,886016911dfffff,8,transit_hub,0.85,"07:00-10:00, 17:00-21:00",Bangalore,True,Z032,3441,2694,165,582,10.1,524.0,1803951.0,1.14,4.08,1503,787,78.3,4.8,3,0,3.9,1147.0,HIGH EFFICIENCY ZONE
Z033,Yelahanka,13.1007,77.5963,886016966bfffff,8,residential,0.45,"07:00-09:00, 18:00-21:00",Bangalore,True,Z033,1753,1362,89,302,10.2,311.0,545795.0,1.14,4.07,738,406,77.7,5.1,7,2,4.04,250.43,BALANCED ZONE
Z034,Jakkur,13.0693,77.6099,8861892ca1fffff,8,residential,0.45,"07:00-09:00, 18:00-21:00",Bangalore,True,Z034,1854,1441,86,327,9.9,266.0,492704.0,1.15,4.11,833,404,77.7,4.6,11,3,4.19,168.55,HIGH IDLE ZONE
Z035,Sahakara Nagar,13.0556,77.5921,8861892cb9fffff,8,residential,0.45,"07:00-09:00, 18:00-21:00",Bangalore,True,Z035,1786,1401,103,282,10.2,257.0,459757.0,1.15,4.06,790,431,78.4,5.8,3,0,4.47,595.33,CRITICAL DEMAND GAP
Z036,Vidyaranyapura,13.0635,77.5524,8860145929fffff,8,residential,0.45,"07:00-09:00, 18:00-21:00",Bangalore,True,Z036,1855,1436,87,332,10.1,298.0,553013.0,1.15,4.06,824,432,77.4,4.7,10,2,4.08,185.5,HIGH IDLE ZONE
Z037,Mathikere,13.0196,77.5554,8860145b37fffff,8,residential,0.45,"07:00-09:00, 18:00-21:00",Bangalore,True,Z037,1886,1468,89,329,10.0,248.0,467528.0,1.15,4.09,813,424,77.8,4.7,8,2,4.41,235.75,BALANCED ZONE
Z038,Yeshwanthpur,13.0237,77.5396,8860145951fffff,8,transit_hub,0.85,"07:00-10:00, 17:00-21:00",Bangalore,True,Z038,3355,2563,188,604,10.1,264.0,885710.0,1.15,4.09,1469,778,76.4,5.6,5,0,4.26,671.0,CRITICAL DEMAND GAP
Z039,Rajajinagar,12.9946,77.5535,8860145b15fffff,8,residential,0.45,"07:00-09:00, 18:00-21:00",Bangalore,True,Z039,1804,1420,81,303,10.0,230.0,414222.0,1.14,4.07,792,413,78.7,4.5,3,0,4.2,601.33,BALANCED ZONE
Z040,Malleswaram,13.0035,77.5673,8860145b07fffff,8,residential,0.45,"07:00-09:00, 18:00-21:00",Bangalore,True,Z040,1880,1488,78,314,9.9,227.0,426920.0,1.14,4.09,785,433,79.1,4.1,8,0,4.11,235.0,BALANCED ZONE
Z041,Sadashivanagar,13.0076,77.5797,8860145b29fffff,8,residential,0.45,"07:00-09:00, 18:00-21:00",Bangalore,True,Z041,1812,1435,91,286,10.1,218.0,394441.0,1.14,4.08,776,406,79.2,5.0,12,4,4.14,151.0,CRITICAL DEAD ZONE
Z042,RT Nagar,13.0207,77.5973,8861892cd1fffff,8,residential,0.45,"07:00-09:00, 18:00-21:00",Bangalore,True,Z042,1792,1428,79,285,9.9,226.0,404665.0,1.15,4.07,791,396,79.7,4.4,11,1,4.45,162.91,CRITICAL DEAD ZONE
Z043,Thanisandra,13.0604,77.627,8861892ce5fffff,8,residential,0.45,"07:00-09:00, 18:00-21:00",Bangalore,True,Z043,1854,1437,94,323,9.9,261.0,484160.0,1.15,4.08,837,407,77.5,5.1,7,2,4.21,264.86,BALANCED ZONE
Z044,Kogilu,13.0762,77.6199,8861892dd3fffff,8,residential,0.45,"07:00-09:00, 18:00-21:00",Bangalore,True,Z044,1775,1423,74,278,9.9,281.0,498873.0,1.15,4.1,783,419,80.2,4.2,9,2,4.16,197.22,HIGH IDLE ZONE
Z045,Bagalur,13.1378,77.6657,88601692d5fffff,8,residential,0.45,"07:00-09:00, 18:00-21:00",Bangalore,True,Z045,1821,1424,108,289,10.2,378.0,688042.0,1.15,4.08,801,425,78.2,5.9,9,4,4.39,202.33,BALANCED ZONE
Z046,Aerospace Park,13.202,77.701,886016900dfffff,8,tech_park,0.9,"08:00-10:00, 17:00-20:00",Bangalore,True,Z046,3624,2831,177,616,9.9,482.0,1745555.0,1.15,4.07,1584,814,78.1,4.9,7,3,3.96,517.71,BALANCED ZONE
Z047,Whitefield Phase 1,12.9698,77.7499,88618921d1fffff,8,tech_park,0.9,"08:00-10:00, 17:00-20:00",Bangalore,True,Z047,3617,2831,188,598,10.1,305.0,1102474.0,1.15,4.09,1547,809,78.3,5.2,5,1,4.04,723.4,HIGH EFFICIENCY ZONE
Z048,Whitefield Phase 2,12.975,77.755,88618921ddfffff,8,tech_park,0.9,"08:00-10:00, 17:00-20:00",Bangalore,True,Z048,3558,2776,178,604,10.0,314.0,1118664.0,1.15,4.09,1619,806,78.0,5.0,5,0,4.2,711.6,HIGH EFFICIENCY ZONE
Z049,ITPL,12.9856,77.7272,8861892191fffff,8,tech_park,0.9,"08:00-10:00, 17:00-20:00",Bangalore,True,Z049,3678,2856,187,635,10.1,276.0,1014482.0,1.15,4.09,1638,868,77.7,5.1,11,3,4.0,334.36,BALANCED ZONE
Z050,Marathahalli,12.9591,77.6974,88618920b3fffff,8,commercial,0.8,"10:00-13:00, 17:00-21:00",Bangalore,True,Z050,3239,2571,155,513,10.1,248.0,802879.0,1.15,4.08,1416,738,79.4,4.8,7,2,4.29,462.71,BALANCED ZONE
Z051,Outer Ring Road East,12.9352,77.6869,8861892093fffff,8,tech_park,0.9,"08:00-10:00, 17:00-20:00",Bangalore,True,Z051,3621,2847,177,597,9.9,239.0,866391.0,1.15,4.08,1613,813,78.6,4.9,9,3,4.24,402.33,BALANCED ZONE
Z052,Brookefield,12.9806,77.7217,886189219bfffff,8,mixed,0.65,"08:00-10:00, 17:00-20:00",Bangalore,True,Z052,2627,2040,136,451,10.0,264.0,693476.0,1.14,4.09,1132,615,77.7,5.2,9,2,4.27,291.89,BALANCED ZONE
Z053,Varthur,12.9388,77.748,88618920e9fffff,8,residential,0.45,"07:00-09:00, 18:00-21:00",Bangalore,True,Z053,1807,1422,69,316,9.8,315.0,569751.0,1.15,4.09,803,430,78.7,3.8,13,1,4.18,139.0,CRITICAL DEAD ZONE
Z054,Kadugodi,12.9982,77.764,88618921e3fffff,8,residential,0.45,"07:00-09:00, 18:00-21:00",Bangalore,True,Z054,1887,1472,92,323,9.9,338.0,637411.0,1.14,4.07,819,404,78.0,4.9,6,3,4.32,314.5,BALANCED ZONE
Z055,Mahadevapura,12.9924,77.6997,8861892e0dfffff,8,tech_park,0.9,"08:00-10:00, 17:00-20:00",Bangalore,True,Z055,3590,2796,170,624,10.0,241.0,864035.0,1.14,4.09,1521,801,77.9,4.7,3,1,4.6,1196.67,HIGH EFFICIENCY ZONE
Z056,KR Puram,13.0104,77.6941,8861892e2bfffff,8,transit_hub,0.85,"07:00-10:00, 17:00-21:00",Bangalore,True,Z056,3429,2674,184,571,10.2,250.0,857513.0,1.15,4.09,1503,809,78.0,5.4,9,2,3.91,381.0,HIGH DEMAND GAP
Z057,Tin Factory,12.9973,77.668,8861892e17fffff,8,commercial,0.8,"10:00-13:00, 17:00-21:00",Bangalore,True,Z057,3097,2412,149,536,10.0,219.0,678008.0,1.15,4.08,1367,691,77.9,4.8,11,0,4.1,281.55,BALANCED ZONE
Z058,Banaswadi,13.013,77.6558,8861892c5bfffff,8,residential,0.45,"07:00-09:00, 18:00-21:00",Bangalore,True,Z058,1817,1419,82,316,10.0,214.0,389421.0,1.15,4.07,786,379,78.1,4.5,12,0,4.11,151.42,CRITICAL DEAD ZONE
Z059,CV Raman Nagar,12.9962,77.6604,8861892ee9fffff,8,residential,0.45,"07:00-09:00, 18:00-21:00",Bangalore,True,Z059,1825,1416,106,303,10.1,211.0,384817.0,1.14,4.08,787,405,77.6,5.8,5,0,4.14,365.0,HIGH DEMAND GAP
Z060,Indiranagar 100ft Road,12.9784,77.6408,8861892ec3fffff,8,commercial,0.8,"10:00-13:00, 17:00-21:00",Bangalore,True,Z060,3255,2492,166,597,9.9,189.0,615809.0,1.14,4.09,1423,767,76.6,5.1,6,1,4.13,542.5,BALANCED ZONE
Z061,Indiranagar 12th Main,12.9718,77.6412,8861892ecbfffff,8,entertainment,0.75,18:00-23:00,Bangalore,True,Z061,3018,2337,157,524,9.9,189.0,569678.0,1.14,4.08,1286,688,77.4,5.2,11,1,4.03,274.36,BALANCED ZONE
Z062,HAL Airport Road,12.9629,77.6476,8861892535fffff,8,commercial,0.8,"10:00-13:00, 17:00-21:00",Bangalore,True,Z062,3229,2509,145,575,9.8,201.0,650309.0,1.15,4.09,1405,740,77.7,4.5,9,2,4.0,358.78,BALANCED ZONE
Z063,Domlur,12.961,77.6384,8861892537fffff,8,mixed,0.65,"08:00-10:00, 17:00-20:00",Bangalore,True,Z063,2644,2091,126,427,10.2,199.0,524948.0,1.14,4.1,1116,640,79.1,4.8,3,0,4.23,881.33,HIGH EFFICIENCY ZONE
Z064,Murugeshpalya,12.9654,77.6541,8861892523fffff,8,residential,0.45,"07:00-09:00, 18:00-21:00",Bangalore,True,Z064,1804,1422,91,291,9.9,211.0,380117.0,1.15,4.11,779,391,78.8,5.0,11,1,4.06,164.0,CRITICAL DEAD ZONE
Z065,Old Airport Road,12.95,77.642,886189253bfffff,8,commercial,0.8,"10:00-13:00, 17:00-21:00",Bangalore,True,Z065,3119,2415,187,517,10.2,197.0,615642.0,1.15,4.08,1334,727,77.4,6.0,4,1,4.15,779.75,CRITICAL DEMAND GAP
Z066,Kodihalli,12.9554,77.6468,8861892531fffff,8,residential,0.45,"07:00-09:00, 18:00-21:00",Bangalore,True,Z066,1842,1418,92,332,10.0,198.0,364394.0,1.14,4.06,820,421,77.0,5.0,5,1,4.36,368.4,BALANCED ZONE
Z067,Rajajinagar West,12.9901,77.5481,8860145b17fffff,8,residential,0.45,"07:00-09:00, 18:00-21:00",Bangalore,True,Z067,1821,1441,94,286,10.0,243.0,442952.0,1.15,4.09,821,445,79.1,5.2,9,4,4.3,202.33,BALANCED ZONE
Z068,Basaveshwara Nagar,12.9946,77.5361,8860145869fffff,8,residential,0.45,"07:00-09:00, 18:00-21:00",Bangalore,True,Z068,1804,1426,86,292,10.0,256.0,462602.0,1.15,4.09,796,402,79.0,4.8,6,1,4.27,300.67,BALANCED ZONE
Z069,Nagarbhavi,12.963,77.5108,8860145859fffff,8,residential,0.45,"07:00-09:00, 18:00-21:00",Bangalore,True,Z069,1882,1480,79,323,9.9,278.0,523059.0,1.14,4.07,802,416,78.6,4.2,11,2,4.16,171.09,HIGH IDLE ZONE
Z070,Vijayanagar,12.9714,77.5297,886014584bfffff,8,residential,0.45,"07:00-09:00, 18:00-21:00",Bangalore,True,Z070,1854,1403,97,354,10.1,241.0,446487.0,1.14,4.09,777,408,75.7,5.2,7,1,3.94,264.86,BALANCED ZONE
Z071,Uttarahalli,12.8955,77.5446,886014516dfffff,8,residential,0.45,"07:00-09:00, 18:00-21:00",Bangalore,True,Z071,1810,1423,94,293,10.1,280.0,507008.0,1.14,4.05,766,400,78.6,5.2,7,3,4.14,258.57,BALANCED ZONE
Z072,Kengeri,12.9077,77.4835,8860145ad9fffff,8,residential,0.45,"07:00-09:00, 18:00-21:00",Bangalore,True,Z072,1746,1352,84,310,10.2,349.0,609322.0,1.15,4.09,784,412,77.4,4.8,4,1,4.42,436.5,BALANCED ZONE
Z073,Rajarajeshwari Nagar,12.9228,77.5063,8860145ac9fffff,8,residential,0.45,"07:00-09:00, 18:00-21:00",Bangalore,True,Z073,1798,1375,96,327,10.1,302.0,542873.0,1.15,4.09,780,426,76.5,5.3,7,2,4.24,256.86,BALANCED ZONE
Z074,Mysore Road,12.9418,77.5266,8860145a15fffff,8,transit_hub,0.85,"07:00-10:00, 17:00-21:00",Bangalore,True,Z074,3493,2709,154,630,10.1,263.0,918407.0,1.15,4.06,1501,795,77.6,4.4,13,7,4.17,268.69,BALANCED ZONE
Z075,Chord Road,12.9857,77.5536,8860145b11fffff,8,commercial,0.8,"10:00-13:00, 17:00-21:00",Bangalore,True,Z075,3277,2558,163,556,10.0,228.0,747168.0,1.14,4.07,1426,779,78.1,5.0,6,2,4.18,546.17,BALANCED ZONE
Z076,Peenya,13.0292,77.5187,886014591bfffff,8,tech_park,0.9,"08:00-10:00, 17:00-20:00",Bangalore,True,Z076,3621,2832,186,603,10.1,299.0,1081505.0,1.14,4.09,1554,829,78.2,5.1,6,1,4.05,603.5,BALANCED ZONE
Z077,Tumkur Road,13.05,77.51,88601459e9fffff,8,transit_hub,0.85,"07:00-10:00, 17:00-21:00",Bangalore,True,Z077,3443,2680,174,589,10.1,326.0,1122497.0,1.14,4.07,1474,799,77.8,5.1,16,4,4.17,215.19,BALANCED ZONE
Z078,Electronic City Phase 1,12.8399,77.677,886189266bfffff,8,tech_park,0.9,"08:00-10:00, 17:00-20:00",Bangalore,True,Z078,3657,2884,182,591,10.1,333.0,1217626.0,1.15,4.08,1579,837,78.9,5.0,11,3,4.19,332.45,BALANCED ZONE
Z079,Electronic City Phase 2,12.8452,77.6641,8861892605fffff,8,tech_park,0.9,"08:00-10:00, 17:00-20:00",Bangalore,True,Z079,3599,2775,181,643,10.0,309.0,1112286.0,1.15,4.08,1613,829,77.1,5.0,6,0,4.37,599.83,BALANCED ZONE
Z080,Infosys Campus EC,12.8302,77.6627,8861892609fffff,8,tech_park,0.9,"08:00-10:00, 17:00-20:00",Bangalore,True,Z080,3625,2830,180,615,10.0,332.0,1204461.0,1.14,4.09,1554,809,78.1,5.0,7,4,4.31,517.86,BALANCED ZONE
Z081,Wipro Campus EC,12.8184,77.6739,8861892641fffff,8,tech_park,0.9,"08:00-10:00, 17:00-20:00",Bangalore,True,Z081,3664,2838,203,623,10.1,352.0,1288048.0,1.15,4.06,1621,858,77.5,5.5,7,0,4.29,523.43,HIGH DEMAND GAP
Z082,Singasandra,12.8729,77.6404,8861892443fffff,8,residential,0.45,"07:00-09:00, 18:00-21:00",Bangalore,True,Z082,1756,1373,84,299,9.9,271.0,476415.0,1.14,4.09,777,399,78.2,4.8,11,3,3.98,159.64,CRITICAL DEAD ZONE
Z083,Begur,12.8668,77.6199,8861892453fffff,8,residential,0.45,"07:00-09:00, 18:00-21:00",Bangalore,True,Z083,1835,1430,83,322,9.9,264.0,483990.0,1.14,4.13,769,466,77.9,4.5,9,2,4.18,203.89,BALANCED ZONE
Z084,Bommanahalli,12.896,77.6388,8861892405fffff,8,mixed,0.65,"08:00-10:00, 17:00-20:00",Bangalore,True,Z084,2662,2046,134,482,10.0,231.0,614602.0,1.15,4.09,1175,592,76.9,5.0,5,2,4.24,532.4,BALANCED ZONE
Z085,Hongasandra,12.8834,77.6172,886189241dfffff,8,residential,0.45,"07:00-09:00, 18:00-21:00",Bangalore,True,Z085,1778,1381,93,304,10.0,248.0,441808.0,1.15,4.09,783,402,77.7,5.2,7,1,4.06,254.0,BALANCED ZONE
Z086,Kudlu Gate,12.8994,77.6512,8861892461fffff,8,transit_hub,0.85,"07:00-10:00, 17:00-21:00",Bangalore,True,Z086,3466,2699,195,572,10.1,240.0,830243.0,1.14,4.09,1510,783,77.9,5.6,8,2,4.15,433.25,HIGH DEMAND GAP
Z087,Sarjapur Road KM5,12.902,77.665,8861892733fffff,8,tech_park,0.9,"08:00-10:00, 17:00-20:00",Bangalore,True,Z087,3486,2705,150,631,9.9,247.0,861593.0,1.15,4.06,1526,761,77.6,4.3,7,2,4.04,498.0,BALANCED ZONE
Z088,Sarjapur Road KM10,12.8741,77.6793,8861892757fffff,8,tech_park,0.9,"08:00-10:00, 17:00-20:00",Bangalore,True,Z088,3580,2757,180,643,10.1,288.0,1029323.0,1.15,4.07,1588,791,77.0,5.0,7,1,4.04,511.43,BALANCED ZONE
Z089,Sarjapur Road KM15,12.845,77.695,88618935bbfffff,8,tech_park,0.9,"08:00-10:00, 17:00-20:00",Bangalore,True,Z089,3622,2839,193,590,10.1,340.0,1231749.0,1.15,4.08,1593,789,78.4,5.3,7,2,4.16,517.43,HIGH DEMAND GAP
Z090,Bellandur,12.9255,77.6716,8861892543fffff,8,tech_park,0.9,"08:00-10:00, 17:00-20:00",Bangalore,True,Z090,3622,2816,166,640,9.9,232.0,841631.0,1.15,4.09,1614,816,77.7,4.6,7,2,4.31,517.43,BALANCED ZONE
Z091,Kadubeesanahalli,12.938,77.7021,8861892095fffff,8,tech_park,0.9,"08:00-10:00, 17:00-20:00",Bangalore,True,Z091,3630,2802,177,651,9.9,247.0,896582.0,1.14,4.07,1579,826,77.2,4.9,14,4,4.32,259.29,BALANCED ZONE
Z092,Panathur,12.9433,77.7106,8861892083fffff,8,residential,0.45,"07:00-09:00, 18:00-21:00",Bangalore,True,Z092,1863,1431,98,334,9.9,255.0,475378.0,1.15,4.06,805,452,76.8,5.3,12,3,4.13,155.25,CRITICAL DEAD ZONE
Z093,Carmelaram,12.9087,77.7263,88618922b7fffff,8,residential,0.45,"07:00-09:00, 18:00-21:00",Bangalore,True,Z093,1741,1344,71,326,9.9,299.0,520622.0,1.14,4.08,757,388,77.2,4.1,10,3,4.25,174.1,HIGH IDLE ZONE
Z094,Kempegowda International Airport,13.1986,77.7066,8860169047fffff,8,transit_hub,0.85,"07:00-10:00, 17:00-21:00",Bangalore,True,Z094,3456,2703,153,600,10.0,480.0,1657325.0,1.14,4.09,1482,762,78.2,4.4,8,3,4.19,432.0,BALANCED ZONE
Z095,BIAL Road KM10,13.12,77.69,8861892d23fffff,8,mixed,0.65,"08:00-10:00, 17:00-20:00",Bangalore,True,Z095,2691,2112,124,455,9.9,376.0,1011774.0,1.14,4.08,1208,610,78.5,4.6,10,1,4.17,269.1,BALANCED ZONE
Z096,BIAL Road KM20,13.16,77.698,88601692edfffff,8,mixed,0.65,"08:00-10:00, 17:00-20:00",Bangalore,True,Z096,2704,2114,120,470,10.0,427.0,1155276.0,1.15,4.1,1186,624,78.2,4.4,6,2,4.27,450.67,BALANCED ZONE
Z097,Doddaballapur Road,13.08,77.57,8860169651fffff,8,mixed,0.65,"08:00-10:00, 17:00-20:00",Bangalore,True,Z097,2625,2031,145,449,10.0,299.0,784657.0,1.14,4.08,1118,572,77.4,5.5,11,3,4.15,238.64,BALANCED ZONE
Z098,Attibele,12.7832,77.7662,886189346bfffff,8,residential,0.45,"07:00-09:00, 18:00-21:00",Bangalore,True,Z098,1828,1420,94,314,10.0,474.0,865810.0,1.15,4.1,786,427,77.7,5.1,6,2,4.45,304.67,BALANCED ZONE
Z099,Anekal,12.7133,77.6952,886014d9a5fffff,8,residential,0.45,"07:00-09:00, 18:00-21:00",Bangalore,True,Z099,1776,1355,84,337,10.0,477.0,846954.0,1.15,4.05,783,399,76.3,4.7,12,3,3.99,148.0,CRITICAL DEAD ZONE
Z100,Chandapura,12.8183,77.6886,88618934a7fffff,8,residential,0.45,"07:00-09:00, 18:00-21:00",Bangalore,True,Z100,1821,1412,93,316,10.0,370.0,674421.0,1.15,4.1,839,424,77.5,5.1,8,1,4.29,227.62,BALANCED ZONE
Z101,Electronic City Phase 3,12.82,77.65,8861892657fffff,8,residential,0.45,"07:00-09:00, 18:00-21:00",Bangalore,True,Z101,1809,1403,101,305,9.9,332.0,599898.0,1.15,4.06,800,410,77.6,5.6,2,1,4.1,904.5,CRITICAL DEMAND GAP
Z102,Harlur,12.9003,77.6755,8861892731fffff,8,residential,0.45,"07:00-09:00, 18:00-21:00",Bangalore,True,Z102,1881,1455,94,332,10.1,252.0,473235.0,1.15,4.06,852,454,77.4,5.0,10,2,4.2,188.1,HIGH IDLE ZONE
Z103,Arekere,12.8861,77.6117,8861892415fffff,8,residential,0.45,"07:00-09:00, 18:00-21:00",Bangalore,True,Z103,1791,1389,87,315,9.9,236.0,422833.0,1.15,4.07,805,421,77.6,4.9,6,0,4.13,298.5,BALANCED ZONE
Z104,Bannerghatta Road KM5,12.8978,77.599,88618924edfffff,8,mixed,0.65,"08:00-10:00, 17:00-20:00",Bangalore,True,Z104,2679,2081,142,456,10.0,235.0,628743.0,1.15,4.09,1176,592,77.7,5.3,6,2,3.95,446.5,HIGH DEMAND GAP
Z105,Bannerghatta Road KM10,12.8685,77.5948,88618924c9fffff,8,mixed,0.65,"08:00-10:00, 17:00-20:00",Bangalore,True,Z105,2645,2078,131,436,9.9,271.0,717752.0,1.14,4.08,1158,600,78.6,5.0,9,3,4.32,293.89,BALANCED ZONE
Z106,Bannerghatta Road KM15,12.8392,77.5907,8861892683fffff,8,mixed,0.65,"08:00-10:00, 17:00-20:00",Bangalore,True,Z106,2612,2045,136,431,10.1,312.0,815940.0,1.14,4.09,1153,580,78.3,5.2,13,3,4.02,200.92,HIGH IDLE ZONE
Z107,Gottigere,12.8556,77.6,88618926abfffff,8,residential,0.45,"07:00-09:00, 18:00-21:00",Bangalore,True,Z107,1766,1344,87,335,9.9,273.0,482407.0,1.14,4.06,743,390,76.1,4.9,9,3,4.32,196.22,HIGH IDLE ZONE
Z108,Hulimavu,12.874,77.606,886189241bfffff,8,residential,0.45,"07:00-09:00, 18:00-21:00",Bangalore,True,Z108,1756,1383,68,305,9.6,258.0,452946.0,1.15,4.09,800,405,78.8,3.9,9,3,4.32,195.11,HIGH IDLE ZONE
Z109,Akshayanagar,12.8613,77.6292,8861892459fffff,8,residential,0.45,"07:00-09:00, 18:00-21:00",Bangalore,True,Z109,1884,1454,94,336,10.0,268.0,505629.0,1.15,4.08,822,401,77.2,5.0,8,0,4.15,235.5,BALANCED ZONE
Z110,Hosa Road,12.877,77.6698,8861892711fffff,8,residential,0.45,"07:00-09:00, 18:00-21:00",Bangalore,True,Z110,1762,1371,92,299,10.0,278.0,489813.0,1.14,4.07,724,437,77.8,5.2,9,2,3.99,195.78,HIGH IDLE ZONE
Z111,Kasavanahalli,12.9165,77.707,88618920d3fffff,8,residential,0.45,"07:00-09:00, 18:00-21:00",Bangalore,True,Z111,1824,1422,93,309,10.1,275.0,501815.0,1.14,4.08,797,446,78.0,5.1,5,1,4.02,364.8,BALANCED ZONE
Z112,Gunjur,12.9089,77.7381,88618922b5fffff,8,residential,0.45,"07:00-09:00, 18:00-21:00",Bangalore,True,Z112,1823,1450,82,291,10.1,333.0,606814.0,1.14,4.11,808,448,79.5,4.5,8,1,4.19,227.88,BALANCED ZONE
Z113,Dommasandra,12.8851,77.7407,8861892283fffff,8,residential,0.45,"07:00-09:00, 18:00-21:00",Bangalore,True,Z113,1839,1457,80,302,10.0,350.0,643430.0,1.15,4.04,814,411,79.2,4.4,6,4,4.03,306.5,BALANCED ZONE
Z114,Richmond Road,12.9628,77.6009,88618925a3fffff,8,commercial,0.8,"10:00-13:00, 17:00-21:00",Bangalore,True,Z114,3269,2581,149,539,10.0,189.0,618034.0,1.15,4.08,1446,737,79.0,4.6,11,2,4.28,297.18,BALANCED ZONE
Z115,Lavelle Road,12.9683,77.5979,8860145b49fffff,8,commercial,0.8,"10:00-13:00, 17:00-21:00",Bangalore,True,Z115,3300,2579,154,567,9.9,192.0,634882.0,1.14,4.08,1422,741,78.2,4.7,9,1,4.46,366.67,BALANCED ZONE
Z116,Cunningham Road,12.9898,77.5938,8860145b69fffff,8,commercial,0.8,"10:00-13:00, 17:00-21:00",Bangalore,True,Z116,3147,2490,145,512,9.9,203.0,637781.0,1.15,4.08,1396,711,79.1,4.6,5,3,4.06,629.4,BALANCED ZONE
Z117,Palace Road,12.9986,77.5869,8860145b63fffff,8,commercial,0.8,"10:00-13:00, 17:00-21:00",Bangalore,True,Z117,3098,2417,156,525,9.9,203.0,629474.0,1.14,4.09,1316,696,78.0,5.0,6,1,4.12,516.33,BALANCED ZONE
Z118,Sankey Road,13.0096,77.576,8860145b2bfffff,8,mixed,0.65,"08:00-10:00, 17:00-20:00",Bangalore,True,Z118,2735,2137,157,441,9.9,218.0,596786.0,1.14,4.09,1179,600,78.1,5.7,10,2,4.26,273.5,BALANCED ZONE
Z119,New BEL Road,13.038,77.5744,8861892c93fffff,8,commercial,0.8,"10:00-13:00, 17:00-21:00",Bangalore,True,Z119,3273,2558,176,539,10.0,246.0,806583.0,1.14,4.08,1409,747,78.2,5.4,8,1,4.2,409.12,HIGH DEMAND GAP
Z120,Outer Ring Road North,13.045,77.618,8861892cebfffff,8,mixed,0.65,"08:00-10:00, 17:00-20:00",Bangalore,True,Z120,2616,2072,143,401,10.2,246.0,642653.0,1.14,4.08,1114,592,79.2,5.5,8,2,4.04,327.0,HIGH DEMAND GAP
Z121,Hebbal Flyover,13.045,77.585,8861892c95fffff,8,transit_hub,0.85,"07:00-10:00, 17:00-21:00",Bangalore,True,Z121,3395,2621,195,579,10.0,242.0,822623.0,1.15,4.07,1482,752,77.2,5.7,11,0,4.07,308.64,HIGH DEMAND GAP
Z122,Nagawara,13.0475,77.6268,8861892ce9fffff,8,residential,0.45,"07:00-09:00, 18:00-21:00",Bangalore,True,Z122,1775,1383,83,309,10.0,237.0,421200.0,1.14,4.09,770,401,77.9,4.7,12,4,4.16,147.92,CRITICAL DEAD ZONE
Z123,Kalyan Nagar,13.0298,77.6474,8861892c19fffff,8,residential,0.45,"07:00-09:00, 18:00-21:00",Bangalore,True,Z123,1744,1352,82,310,10.2,229.0,399072.0,1.15,4.09,766,394,77.5,4.7,6,0,4.17,290.67,BALANCED ZONE
Z124,HBR Layout,13.0373,77.6389,8861892c11fffff,8,residential,0.45,"07:00-09:00, 18:00-21:00",Bangalore,True,Z124,1746,1360,78,308,10.0,232.0,405754.0,1.15,4.09,778,394,77.9,4.5,7,1,3.96,249.43,BALANCED ZONE
Z125,Horamavu,13.033,77.6624,8861892c55fffff,8,residential,0.45,"07:00-09:00, 18:00-21:00",Bangalore,True,Z125,1813,1412,81,320,10.0,242.0,439484.0,1.14,4.07,766,409,77.9,4.5,11,2,4.38,164.82,HIGH IDLE ZONE
Z126,Ramamurthy Nagar,13.0152,77.6713,8861892e37fffff,8,residential,0.45,"07:00-09:00, 18:00-21:00",Bangalore,True,Z126,1761,1355,106,300,10.1,231.0,406106.0,1.14,4.08,761,410,76.9,6.0,14,3,4.29,125.79,CRITICAL DEAD ZONE
Z127,Hennur,13.0446,77.6421,8861892c15fffff,8,residential,0.45,"07:00-09:00, 18:00-21:00",Bangalore,True,Z127,1846,1453,88,305,10.0,242.0,447398.0,1.15,4.1,799,438,78.7,4.8,10,2,4.11,184.6,HIGH IDLE ZONE
Z128,Lingarajapuram,13.0,77.634,8861892e85fffff,8,residential,0.45,"07:00-09:00, 18:00-21:00",Bangalore,True,Z128,1804,1427,92,285,10.0,203.0,365373.0,1.15,4.07,816,400,79.1,5.1,8,1,4.08,225.5,BALANCED ZONE
Z129,Kammanahalli,13.0048,77.6461,8861892ee3fffff,8,residential,0.45,"07:00-09:00, 18:00-21:00",Bangalore,True,Z129,1842,1424,94,324,10.1,214.0,393391.0,1.15,4.11,798,446,77.3,5.1,10,2,4.3,184.2,HIGH IDLE ZONE
Z130,Manyata Tech Park,13.0465,77.6213,8861892ce1fffff,8,tech_park,0.9,"08:00-10:00, 17:00-20:00",Bangalore,True,Z130,3694,2860,185,649,9.9,236.0,871388.0,1.14,4.09,1633,862,77.4,5.0,10,3,4.11,369.4,BALANCED ZONE
Z131,RMZ Infinity,12.9876,77.6954,8861892e09fffff,8,tech_park,0.9,"08:00-10:00, 17:00-20:00",Bangalore,True,Z131,3595,2776,195,624,10.0,235.0,846547.0,1.14,4.07,1594,784,77.2,5.4,8,3,3.95,449.38,HIGH DEMAND GAP
Z132,Embassy Tech Village,12.9258,77.6946,886189209bfffff,8,tech_park,0.9,"08:00-10:00, 17:00-20:00",Bangalore,True,Z132,3672,2851,181,640,9.9,252.0,924685.0,1.15,4.1,1617,834,77.6,4.9,5,2,4.56,734.4,HIGH EFFICIENCY ZONE
Z133,Bagmane Tech Park,12.9815,77.6553,8861892ecdfffff,8,tech_park,0.9,"08:00-10:00, 17:00-20:00",Bangalore,True,Z133,3627,2810,183,634,9.9,207.0,749938.0,1.15,4.09,1568,858,77.5,5.0,9,3,4.08,403.0,BALANCED ZONE
Z134,Global Village Tech Park,12.918,77.502,8860145acdfffff,8,tech_park,0.9,"08:00-10:00, 17:00-20:00",Bangalore,True,Z134,3603,2830,160,613,10.0,314.0,1131584.0,1.15,4.08,1556,841,78.5,4.4,8,2,4.32,450.38,BALANCED ZONE
Z135,Software Tech Park Bangalore,12.9826,77.5908,8860145b6bfffff,8,tech_park,0.9,"08:00-10:00, 17:00-20:00",Bangalore,True,Z135,3556,2731,192,633,10.2,197.0,700462.0,1.15,4.09,1543,772,76.8,5.4,4,0,4.0,889.0,HIGH DEMAND GAP
Z136,KSR Bengaluru Station,12.9767,77.5713,8860145b09fffff,8,transit_hub,0.85,"07:00-10:00, 17:00-21:00",Bangalore,True,Z136,3407,2654,190,563,10.0,208.0,707627.0,1.14,4.09,1436,717,77.9,5.6,12,3,4.2,283.92,BALANCED ZONE
Z137,Yeshwanthpur Junction,13.0137,77.5496,886014594bfffff,8,transit_hub,0.85,"07:00-10:00, 17:00-21:00",Bangalore,True,Z137,3477,2742,170,565,9.9,250.0,870777.0,1.14,4.08,1493,762,78.9,4.9,5,1,4.28,695.4,HIGH EFFICIENCY ZONE
Z138,Bangalore Cantonment Station,12.9934,77.6072,8861892e97fffff,8,transit_hub,0.85,"07:00-10:00, 17:00-21:00",Bangalore,True,Z138,3440,2648,177,615,10.1,196.0,675305.0,1.15,4.09,1542,801,77.0,5.1,2,1,4.6,1720.0,HIGH EFFICIENCY ZONE
Z139,Whitefield Railway Station,12.9794,77.738,88618921d7fffff,8,transit_hub,0.85,"07:00-10:00, 17:00-21:00",Bangalore,True,Z139,3384,2633,163,588,10.0,283.0,958424.0,1.15,4.09,1527,756,77.8,4.8,8,1,4.04,423.0,BALANCED ZONE
Z140,Baiyappanahalli Metro,12.9985,77.6551,8861892ee1fffff,8,transit_hub,0.85,"07:00-10:00, 17:00-21:00",Bangalore,True,Z140,3443,2702,177,564,10.0,212.0,729006.0,1.14,4.08,1546,790,78.5,5.1,9,1,4.14,382.56,BALANCED ZONE
Z141,Indiranagar Metro Station,12.975,77.639,8861892ec7fffff,8,transit_hub,0.85,"07:00-10:00, 17:00-21:00",Bangalore,True,Z141,3377,2595,191,591,10.2,191.0,645027.0,1.14,4.08,1459,779,76.8,5.7,7,2,4.1,482.43,CRITICAL DEMAND GAP
Z142,Halasuru Metro Station,12.972,77.62,8861892ed3fffff,8,transit_hub,0.85,"07:00-10:00, 17:00-21:00",Bangalore,True,Z142,3482,2721,170,591,10.1,192.0,667740.0,1.15,4.09,1517,784,78.1,4.9,5,0,4.4,696.4,HIGH EFFICIENCY ZONE
Z143,Trinity Metro Station,12.97,77.605,8861892e99fffff,8,transit_hub,0.85,"07:00-10:00, 17:00-21:00",Bangalore,True,Z143,3444,2693,166,585,10.1,188.0,648149.0,1.15,4.06,1536,808,78.2,4.8,8,2,4.12,430.5,BALANCED ZONE
Z144,Mantri Mall Malleshwaram,12.9946,77.5635,8860145b03fffff,8,commercial,0.8,"10:00-13:00, 17:00-21:00",Bangalore,True,Z144,3191,2478,165,548,10.2,223.0,712989.0,1.15,4.1,1420,706,77.7,5.2,5,1,4.1,638.2,HIGH EFFICIENCY ZONE
Z145,Orion Mall Rajajinagar,13.01,77.5387,8860145865fffff,8,commercial,0.8,"10:00-13:00, 17:00-21:00",Bangalore,True,Z145,3244,2513,179,552,10.2,259.0,838872.0,1.15,4.1,1448,756,77.5,5.5,8,1,4.0,405.5,HIGH DEMAND GAP
Z146,Phoenix Marketcity Whitefield,12.9748,77.7411,88618921d5fffff,8,commercial,0.8,"10:00-13:00, 17:00-21:00",Bangalore,True,Z146,3184,2468,174,542,10.0,295.0,940430.0,1.14,4.06,1372,721,77.5,5.5,9,4,3.82,353.78,HIGH DEMAND GAP
Z147,Forum Mall Koramangala,12.9305,77.6263,8861892513fffff,8,commercial,0.8,"10:00-13:00, 17:00-21:00",Bangalore,True,Z147,3228,2527,162,539,10.0,207.0,666738.0,1.14,4.07,1369,754,78.3,5.0,9,2,4.31,358.67,BALANCED ZONE
Z148,UB City Mall,12.9716,77.5964,8860145b4dfffff,8,commercial,0.8,"10:00-13:00, 17:00-21:00",Bangalore,True,Z148,3162,2450,140,572,9.8,186.0,588308.0,1.14,4.08,1408,725,77.5,4.4,8,1,4.16,395.25,BALANCED ZONE
Z149,Garuda Mall,12.972,77.608,8861892ed7fffff,8,commercial,0.8,"10:00-13:00, 17:00-21:00",Bangalore,True,Z149,3197,2502,160,535,10.1,195.0,622818.0,1.14,4.09,1384,682,78.3,5.0,5,0,4.06,639.4,HIGH EFFICIENCY ZONE
Z150,Nexus Shantiniketan Mall,12.975,77.715,8861892e4dfffff,8,commercial,0.8,"10:00-13:00, 17:00-21:00",Bangalore,True,Z150,3236,2490,173,573,9.9,256.0,828827.0,1.14,4.08,1425,729,76.9,5.3,9,2,4.07,359.56,HIGH DEMAND GAP
Z151,Dasarahalli,13.048,77.5172,8860145917fffff,8,residential,0.45,"07:00-09:00, 18:00-21:00",Bangalore,True,Z151,1655,1260,85,310,10.1,300.0,496303.0,1.15,4.07,726,375,76.1,5.1,8,1,4.03,206.88,BALANCED ZONE
Z152,Jalahalli,13.0386,77.5374,886014590bfffff,8,residential,0.45,"07:00-09:00, 18:00-21:00",Bangalore,True,Z152,1789,1410,77,302,10.1,290.0,519271.0,1.15,4.1,818,383,78.8,4.3,10,1,4.02,178.9,HIGH IDLE ZONE
Z153,HMT Layout,13.0436,77.5454,8860145901fffff,8,residential,0.45,"07:00-09:00, 18:00-21:00",Bangalore,True,Z153,1769,1380,86,303,10.1,291.0,514772.0,1.15,4.09,763,409,78.0,4.9,5,1,4.16,353.8,BALANCED ZONE
Z154,Bharat Nagar,13.023,77.5291,8860145953fffff,8,residential,0.45,"07:00-09:00, 18:00-21:00",Bangalore,True,Z154,1838,1404,97,337,10.2,272.0,499717.0,1.15,4.08,832,403,76.4,5.3,8,1,4.09,229.75,BALANCED ZONE
Z155,Nandini Layout,13.0142,77.5381,886014595bfffff,8,residential,0.45,"07:00-09:00, 18:00-21:00",Bangalore,True,Z155,1853,1449,90,314,9.9,263.0,486974.0,1.14,4.07,804,402,78.2,4.9,11,3,4.12,168.45,HIGH IDLE ZONE
Z156,Shivanagar,12.9842,77.5221,8860145809fffff,8,residential,0.45,"07:00-09:00, 18:00-21:00",Bangalore,True,Z156,1741,1345,97,299,10.2,260.0,452585.0,1.14,4.08,750,358,77.3,5.6,8,3,4.15,217.62,BALANCED ZONE
Z157,Kamakshipalya,12.975,77.5411,886014584dfffff,8,residential,0.45,"07:00-09:00, 18:00-21:00",Bangalore,True,Z157,1826,1442,89,295,10.0,238.0,434609.0,1.14,4.07,779,422,79.0,4.9,4,1,4.42,456.5,BALANCED ZONE
Z158,Magadi Road,12.962,77.5344,8860145a35fffff,8,transit_hub,0.85,"07:00-10:00, 17:00-21:00",Bangalore,True,Z158,3541,2789,172,580,10.0,252.0,894097.0,1.14,4.08,1542,776,78.8,4.9,3,1,4.07,1180.33,HIGH EFFICIENCY ZONE
Z159,Hosahalli,12.9568,77.5111,8860145ae5fffff,8,residential,0.45,"07:00-09:00, 18:00-21:00",Bangalore,True,Z159,1805,1392,92,321,9.9,278.0,502276.0,1.15,4.09,808,420,77.1,5.1,5,2,4.3,361.0,BALANCED ZONE
Z160,Sunkadakatte,12.9542,77.4966,8860145aa9fffff,8,residential,0.45,"07:00-09:00, 18:00-21:00",Bangalore,True,Z160,1856,1432,111,313,10.1,305.0,565935.0,1.15,4.11,824,438,77.2,6.0,7,1,4.39,265.14,BALANCED ZONE
Z161,Manchanabele,12.94,77.47,8860145a95fffff,8,residential,0.45,"07:00-09:00, 18:00-21:00",Bangalore,True,Z161,1800,1416,90,294,9.9,347.0,624423.0,1.15,4.06,809,404,78.7,5.0,6,1,4.42,300.0,BALANCED ZONE
Z162,Bidadi,12.8017,77.3929,886014572bfffff,8,residential,0.45,"07:00-09:00, 18:00-21:00",Bangalore,True,Z162,1794,1383,99,312,10.0,529.0,949173.0,1.15,4.08,779,403,77.1,5.5,11,2,4.21,163.09,CRITICAL DEAD ZONE
Z163,Nelamangala,13.099,77.394,8860144803fffff,8,residential,0.45,"07:00-09:00, 18:00-21:00",Bangalore,True,Z163,1898,1499,93,306,9.9,506.0,960746.0,1.14,4.07,818,423,79.0,4.9,6,1,4.02,316.33,BALANCED ZONE
Z164,Devanahalli Town,13.2449,77.7226,886016910bfffff,8,residential,0.45,"07:00-09:00, 18:00-21:00",Bangalore,True,Z164,1785,1425,83,277,10.1,543.0,968587.0,1.15,4.08,793,424,79.8,4.6,10,3,4.29,178.5,HIGH IDLE ZONE
Z165,Hoskote,13.0712,77.7985,8861892853fffff,8,residential,0.45,"07:00-09:00, 18:00-21:00",Bangalore,True,Z165,1810,1423,98,289,10.1,441.0,798378.0,1.14,4.08,745,404,78.6,5.4,11,4,4.5,164.55,HIGH IDLE ZONE
Z166,Bommasandra,12.8106,77.6812,8861892649fffff,8,residential,0.45,"07:00-09:00, 18:00-21:00",Bangalore,True,Z166,1793,1399,96,298,10.1,368.0,659079.0,1.15,4.09,805,413,78.0,5.4,17,6,4.24,105.47,CRITICAL DEAD ZONE
Z167,Jigani,12.7909,77.6372,886014c905fffff,8,residential,0.45,"07:00-09:00, 18:00-21:00",Bangalore,True,Z167,1821,1418,79,324,10.0,368.0,669779.0,1.15,4.06,802,442,77.9,4.3,18,6,4.16,101.17,CRITICAL DEAD ZONE
Z168,Anekal Town,12.7233,77.7052,886189369dfffff,8,residential,0.45,"07:00-09:00, 18:00-21:00",Bangalore,True,Z168,1777,1401,78,298,9.9,488.0,867401.0,1.14,4.06,789,392,78.8,4.4,10,2,4.19,177.7,HIGH IDLE ZONE
Z169,Sarjapur Town,12.8657,77.7858,8861893525fffff,8,residential,0.45,"07:00-09:00, 18:00-21:00",Bangalore,True,Z169,1859,1414,113,332,10.2,415.0,771537.0,1.15,4.06,822,407,76.1,6.1,10,2,4.25,185.9,HIGH IDLE ZONE
Z170,Kanakapura Road KM10,12.88,77.568,886189248bfffff,8,mixed,0.65,"08:00-10:00, 17:00-20:00",Bangalore,True,Z170,2601,2015,135,451,9.9,273.0,710403.0,1.14,4.1,1124,603,77.5,5.2,10,1,4.33,260.1,BALANCED ZONE
Z171,Kanakapura Road KM20,12.81,77.55,886014c9b7fffff,8,mixed,0.65,"08:00-10:00, 17:00-20:00",Bangalore,True,Z171,2599,2010,125,464,10.0,373.0,969872.0,1.14,4.08,1130,566,77.3,4.8,5,3,4.18,519.8,BALANCED ZONE
Z172,Tumkur Road KM15,13.075,77.5,88601696d3fffff,8,mixed,0.65,"08:00-10:00, 17:00-20:00",Bangalore,True,Z172,2608,2058,125,425,9.9,373.0,973407.0,1.15,4.09,1143,601,78.9,4.8,7,2,4.19,372.57,BALANCED ZONE
Z173,Mysore Road KM15,12.91,77.47,88601451adfffff,8,mixed,0.65,"08:00-10:00, 17:00-20:00",Bangalore,True,Z173,2536,1989,137,410,10.3,364.0,921930.0,1.14,4.07,1077,536,78.4,5.4,5,2,4.1,507.2,HIGH DEMAND GAP
Z174,Hosur Road KM10,12.86,77.67,886189262dfffff,8,mixed,0.65,"08:00-10:00, 17:00-20:00",Bangalore,True,Z174,2645,2057,142,446,10.0,305.0,807135.0,1.15,4.1,1176,623,77.8,5.4,8,2,4.16,330.62,HIGH DEMAND GAP
Z175,Old Madras Road KM10,13.01,77.73,88618921b3fffff,8,mixed,0.65,"08:00-10:00, 17:00-20:00",Bangalore,True,Z175,2680,2085,128,467,10.0,295.0,789498.0,1.14,4.08,1183,592,77.8,4.8,6,2,4.23,446.67,BALANCED ZONE
Z176,Bellary Road KM10,13.07,77.61,8861892ca5fffff,8,mixed,0.65,"08:00-10:00, 17:00-20:00",Bangalore,True,Z176,2561,2015,137,409,10.2,266.0,681935.0,1.14,4.06,1092,564,78.7,5.3,7,4,4.1,365.86,HIGH DEMAND GAP
Z177,Hennur Road KM5,13.03,77.65,8861892c0bfffff,8,mixed,0.65,"08:00-10:00, 17:00-20:00",Bangalore,True,Z177,2604,2042,133,429,10.0,231.0,601320.0,1.15,4.08,1144,591,78.4,5.1,10,3,4.19,260.4,BALANCED ZONE
Z178,Varthur Road KM5,12.95,77.72,8861892087fffff,8,mixed,0.65,"08:00-10:00, 17:00-20:00",Bangalore,True,Z178,2597,2010,127,460,9.9,272.0,706842.0,1.15,4.08,1139,631,77.4,4.9,10,4,4.32,259.7,BALANCED ZONE
Z179,Sarjapur Road KM20,12.83,77.71,886189359dfffff,8,mixed,0.65,"08:00-10:00, 17:00-20:00",Bangalore,True,Z179,2512,1959,141,412,10.0,374.0,939321.0,1.15,4.08,1131,572,78.0,5.6,11,4,4.2,228.36,BALANCED ZONE
Z180,Bannerghatta Road KM20,12.81,77.59,88618926dbfffff,8,mixed,0.65,"08:00-10:00, 17:00-20:00",Bangalore,True,Z180,2620,2042,140,438,10.0,348.0,912009.0,1.15,4.08,1160,623,77.9,5.3,10,3,4.4,262.0,BALANCED ZONE
Z181,Kanakapura Road KM5,12.91,77.576,88618924a1fffff,8,mixed,0.65,"08:00-10:00, 17:00-20:00",Bangalore,True,Z181,2611,2074,127,410,10.1,239.0,623602.0,1.15,4.1,1160,620,79.4,4.9,12,5,4.08,217.58,BALANCED ZONE
Z182,Hosur Road KM5,12.9,77.65,8861892467fffff,8,mixed,0.65,"08:00-10:00, 17:00-20:00",Bangalore,True,Z182,2622,2062,108,452,10.0,240.0,628205.0,1.15,4.07,1160,636,78.6,4.1,3,1,4.4,874.0,HIGH EFFICIENCY ZONE
Z183,Old Madras Road KM5,13.0,77.7,8861892e05fffff,8,mixed,0.65,"08:00-10:00, 17:00-20:00",Bangalore,True,Z183,2651,2060,129,462,10.1,247.0,656011.0,1.14,4.08,1113,585,77.7,4.9,12,3,4.24,220.92,BALANCED ZONE
Z184,Bellary Road KM5,13.05,77.605,8861892c81fffff,8,mixed,0.65,"08:00-10:00, 17:00-20:00",Bangalore,True,Z184,2601,2028,137,436,9.9,246.0,638841.0,1.15,4.07,1130,550,78.0,5.3,7,1,4.19,371.57,HIGH DEMAND GAP
Z185,Nagawara Lake,13.055,77.632,8861892cedfffff,8,residential,0.45,"07:00-09:00, 18:00-21:00",Bangalore,True,Z185,1868,1490,80,298,10.0,252.0,469922.0,1.15,4.1,826,445,79.8,4.3,12,3,4.3,155.67,CRITICAL DEAD ZONE
Z186,Amruthahalli,13.055,77.585,8861892cbbfffff,8,residential,0.45,"07:00-09:00, 18:00-21:00",Bangalore,True,Z186,1860,1449,88,323,10.2,257.0,478606.0,1.14,4.07,812,424,77.9,4.7,18,4,4.2,103.33,CRITICAL DEAD ZONE
Z187,Kodigehalli,13.06,77.57,8860145965fffff,8,residential,0.45,"07:00-09:00, 18:00-21:00",Bangalore,True,Z187,1792,1413,73,306,9.9,277.0,496481.0,1.15,4.08,805,414,78.9,4.1,9,5,4.14,199.11,HIGH IDLE ZONE
Z188,Allalasandra,13.065,77.598,8861892ca3fffff,8,residential,0.45,"07:00-09:00, 18:00-21:00",Bangalore,True,Z188,1811,1434,94,283,9.8,260.0,470219.0,1.15,4.08,788,403,79.2,5.2,5,2,4.42,362.2,BALANCED ZONE
Z189,Byatarayanapura,13.07,77.555,886014592dfffff,8,residential,0.45,"07:00-09:00, 18:00-21:00",Bangalore,True,Z189,1832,1446,82,304,10.0,307.0,562527.0,1.15,4.06,785,432,78.9,4.5,7,1,4.26,261.71,BALANCED ZONE
Z190,Chikkabanaswadi,13.04,77.635,8861892c13fffff,8,residential,0.45,"07:00-09:00, 18:00-21:00",Bangalore,True,Z190,1836,1446,86,304,10.0,234.0,430342.0,1.15,4.09,808,424,78.8,4.7,6,0,4.05,306.0,BALANCED ZONE
Z191,Rachenahalli,13.06,77.615,8861892ca9fffff,8,residential,0.45,"07:00-09:00, 18:00-21:00",Bangalore,True,Z191,1847,1472,71,304,9.8,254.0,468875.0,1.15,4.09,813,437,79.7,3.8,12,5,4.08,153.92,CRITICAL DEAD ZONE
Z192,Agelakuppam,13.09,77.63,8861892d8bfffff,8,residential,0.45,"07:00-09:00, 18:00-21:00",Bangalore,True,Z192,1753,1375,94,284,9.9,296.0,519084.0,1.14,4.06,741,397,78.4,5.4,10,1,4.08,175.3,HIGH IDLE ZONE
Z193,Singapura,13.08,77.59,8860169641fffff,8,residential,0.45,"07:00-09:00, 18:00-21:00",Bangalore,True,Z193,1790,1391,99,300,9.8,281.0,502211.0,1.14,4.06,778,419,77.7,5.5,11,3,4.08,162.73,CRITICAL DEAD ZONE
Z194,Hunsamaranahalli,13.11,77.58,8860169605fffff,8,residential,0.45,"07:00-09:00, 18:00-21:00",Bangalore,True,Z194,1792,1400,90,302,9.9,333.0,597381.0,1.14,4.1,772,433,78.1,5.0,9,4,3.98,199.11,HIGH IDLE ZONE
Z195,Chikkabanavara,13.05,77.5,88601459e3fffff,8,residential,0.45,"07:00-09:00, 18:00-21:00",Bangalore,True,Z195,1863,1451,102,310,10.1,333.0,620640.0,1.14,4.08,779,426,77.9,5.5,4,1,4.38,465.75,HIGH DEMAND GAP
Z196,Soladevanahalli,13.07,77.52,88601696d9fffff,8,residential,0.45,"07:00-09:00, 18:00-21:00",Bangalore,True,Z196,1834,1456,98,280,10.0,350.0,641342.0,1.15,4.08,796,428,79.4,5.3,10,3,4.43,183.4,HIGH IDLE ZONE
Z197,Abbigere,13.06,77.49,88601459abfffff,8,residential,0.45,"07:00-09:00, 18:00-21:00",Bangalore,True,Z197,1791,1375,99,317,9.9,364.0,651444.0,1.14,4.06,796,409,76.8,5.5,17,6,4.32,105.35,CRITICAL DEAD ZONE
Z198,Chikkabidarakallu,13.04,77.48,886014598bfffff,8,residential,0.45,"07:00-09:00, 18:00-21:00",Bangalore,True,Z198,1775,1352,93,330,9.9,361.0,640388.0,1.16,4.09,815,401,76.2,5.2,8,3,4.38,221.88,BALANCED ZONE
Z199,Nagarur,13.1,77.51,8860169683fffff,8,residential,0.45,"07:00-09:00, 18:00-21:00",Bangalore,True,Z199,1774,1381,85,308,9.9,374.0,663956.0,1.15,4.09,785,411,77.8,4.8,9,2,4.31,197.11,HIGH IDLE ZONE
Z200,Lakshmipura,13.02,77.51,8860145823fffff,8,residential,0.45,"07:00-09:00, 18:00-21:00",Bangalore,True,Z200,1765,1389,82,294,9.9,315.0,555408.0,1.15,4.07,798,405,78.7,4.6,7,3,4.44,252.14,BALANCED ZONE
